{"damageRatio":{"0":1,"1":1,"2":1},"auditSolace":{"0":"Unknown","1":"Two or more","2":"Zero or one"},"avgDamage":{"0":0.4175245829,"1":0.1923207113,"2":0.2769883438}}