{"damageRatio":{"0":1,"1":1,"2":1,"3":1},"tvlSolace":{"0":1,"1":3,"2":2,"3":"null"},"avgDamage":{"0":0.3472507793,"1":0.0301500787,"2":0.082479514,"3":null}}